"0","for (i in 1:length(unique_years)) {
  
  cat(paste0(""<p><strong>"", unique_years[i], ""</strong></p>\n""))

  year_group <- outreach %>% 
    filter(year == unique_years[i])
  
  for (j in 1:nrow(year_group)) {
    
    formatted_date <- format(year_group$date[j], ""%d/%m"")
    
    cat(paste0(""<p>"", year_group$text[j],"" ("", formatted_date, "")""))
    
    
    if (!is.na(year_group$link[j])==TRUE) {
        
        cat(paste0("" [<a href='"",year_group$link[j],""' target='_blank' style='text-decoration: none;'>link</a>]""))
    }  
    
    if (!is.na(year_group$photo[j])==TRUE) {
      
      link = paste0(""https://raw.githubusercontent.com/lambwf/lambwf.github.io/refs/heads/master/plots/"",year_group$photo[j])
        
        cat(paste0("" [<a href='"",link,""' target='_blank' style='text-decoration: none;'>photo!</a>]""))
    }
    
    
    cat(paste0(""</p>\n""))
    
    
  }
}
"
"1","<p><strong>2025</strong></p>
<p>Participated in a press conference at the UNFCCC June Climate Meetings in Bonn for the ""Indicators of Global Climate Change 2024"" publication (19/06) [<a href='https://unfccc-events.azureedge.net/SB62_106597/agenda' target='_blank' style='text-decoration: none;'>link</a>]</p>
<p>Contributed to an Informal Dialogue at the UNFCCC June Climate Meetings on 1.5C science and narratives (19/06) [<a href='https://unfccc.int/event/seventeenth-meeting-of-the-research-dialogue-mandated-event' target='_blank' style='text-decoration: none;'>link</a>]</p>
<p>Invited expert to the 17th Meeting of the Research Dialogue, UNFCCC June Climate Meetings - though really Pep Canadell did all the work! (17/06)</p>
<p>Interviewed by Südwestrundfunk and tagesschau.de on the ""Indicators of Global Climate Change 2024"" publication (17/06) [<a href='https://www.tagesschau.de/wissen/klima/bericht-zustand-klima-100.html' target='_blank' style='text-decoration: none;'>link</a>]</p>
<p>Interviewed by ARD for a piece on greenhouse gas emissions reporting (16/06)</p>
<p>Participated in a UK Science Media Centre Briefing for the ""Indicators of Global Climate Change 2024"" publication (12/06)</p>
<p>Interviewed for an article in DeSmog on the topic of Climate Delay (11/06)</p>
<p>Invited to present Discourses of Climate Delay at a GIZ event on Behavioural Change (27/03)</p>
<p>Inited to present on the IPCC 7th Assessment Report outline by the German-IPCC coordination group (20/03)</p>
<p><strong>2024</strong></p>
<p>Nominated to attend the IPCC Scoping Meeting for the 7th Assessment Report (09/12)</p>
<p>Participated in the preparation of evidence submitted by IPCC authors to the International Court of Justice for their case on the ""legal obligations of countries in preventing climate change"" (26/11) [<a href='https://raw.githubusercontent.com/lambwf/lambwf.github.io/refs/heads/master/plots/ar7-scoping-meeting.jpeg' target='_blank' style='text-decoration: none;'>photo!</a>]</p>
<p>Invited to present to the European Commission DG Clima division on the Emissions Gap Report 2024 (07/11)</p>
<p>Invited to present to the US Office of the Special Presidential Envoy for Climate on the Emissions Gap Report 2024 (31/10)</p>
<p><strong>2023</strong></p>
<p>Invited to a roundtable on climate misinformation with the Chief Scientific Advisor to the UK Government (21/06)</p>
"
